{
"ACONF": 0.1299521505207311,
"ADIM6": 0.10569150816528718,
"AHB21": 0.2405928030683731,
"AL2X6": 0.8170135219520432,
"ALK8": 3.4248294601421194,
"ALKBDE10": 4.2224066199241035,
"Amino20x4": 0.18590154573450363,
"BH76": 2.0758735167254603,
"BH76RC": 1.2176822672771295,
"BHDIV10": 1.3415691633059272,
"BHPERI": 0.7745830556930446,
"BHROT27": 0.19049036063587668,
"BSR36": 0.5077196831089996,
"BUT14DIOL": 0.16724573514495053,
"C60ISO": 11.35263276615806,
"CARBHB12": 0.5095270427973585,
"CDIE20": 0.3542422915511561,
"CHB6": 1.0627260121830633,
"DARC": 1.0399255304194244,
"DC13": 4.228065655070027,
"DIPCS10": 2.0693928554402667,
"FH51": 1.0358082883243558,
"G21EA": 1.3443925130314327,
"G21IP": 1.8057341345841236,
"G2RC": 1.3779482086054973,
"HAL59": 0.5766645772291307,
"HEAVY28": 0.16917257682925915,
"HEAVYSB11": 3.4172369444830095,
"ICONF": 0.17716989387422077,
"IDISP": 1.3747018054285791,
"IL16": 0.49177401100195883,
"INV24": 0.9039847605681898,
"ISO34": 0.583710645125388,
"ISOL24": 1.5577664825894744,
"MB16-43": 6.646930000800189,
"MCONF": 0.22008642332088296,
"NBPRC": 1.641712092858304,
"PA26": 1.7413647964154426,
"PArel": 0.8441369896784117,
"PCONF21": 0.27498034712317115,
"PNICO23": 0.17372512447319136,
"PX13": 0.90351091647279,
"RC21": 1.018377293841064,
"RG18": 0.5707434603331432,
"RSE43": 1.453938815048033,
"S22": 0.19645020988701098,
"S66": 0.18419924038272056,
"SCONF": 0.3584508781134585,
"SIE4x4": 4.917352556463114,
"TAUT15": 0.4537395146266309,
"UPU23": 0.49682300808545693,
"W4-11": 3.0412700491707874,
"WATER27": 1.9603889574278863,
"WCPT18": 1.573660738733267,
"YBDE18": 2.837854813710157
}
