{
  "w1": {
    "W4-11": 0.005263157894736842,
    "G21EA": 0.05263157894736842,
    "G21IP": 0.005263157894736842,
    "DIPCS10": 0.005263157894736842,
    "PA26": 0.005263157894736842,
    "SIE4x4": 0.05263157894736842,
    "RC21": 0.05263157894736842,
    "G2RC": 0.05263157894736842,
    "BH76RC": 0.05263157894736842,
    "FH51": 0.05263157894736842,
    "TAUT15": 0.5263157894736842,
    "BH76": 0.05263157894736842,
    "BHPERI": 0.05263157894736842,
    "BHROT27": 0.5263157894736842,
    "PX13": 0.05263157894736842,
    "WCPT18": 0.05263157894736842,
    "INV24": 0.05263157894736842,
    "BHDIV10": 0.05263157894736842,
    "ALKBDE10": 0.005263157894736842
  },
  "w2": {
    "W4-11": 0.07666680973716278,
    "G21EA": 0.12496469804187539,
    "G21IP": 0.023487521899343524,
    "DIPCS10": 0.002568894938990626,
    "PA26": 0.023114502117467323,
    "SIE4x4": 0.07973788953163566,
    "RC21": 0.09887014478740606,
    "G2RC": 0.08196548414769304,
    "BH76RC": 0.23570746903086975,
    "FH51": 0.27640849872538503,
    "TAUT15": 0.7565965543079132,
    "BH76": 0.6862139514582892,
    "BHPERI": 0.2093551201551481,
    "BHROT27": 0.7234154058153993,
    "PX13": 0.06549286586822622,
    "WCPT18": 0.08646749114008358,
    "INV24": 0.12666462342059245,
    "BHDIV10": 0.03707509326062708,
    "ALKBDE10": 0.016692076698619596
  }
}